locality,city,avg_rent,distance_to_college,metro_distance,safety_score,food_score,hospital_count,mall_count,public_transport_score,pollution_index,internet_speed,student_rating
Malviya Nagar,Delhi,14168,18.98,4.92,2,5,13,4,5,261,173,2.2
Karol Bagh,Delhi,13338,6.62,3.33,3,7,6,5,1,126,77,3.1
Mayur Vihar,Delhi,8367,5.57,2.98,2,2,10,2,4,73,191,3.6
Kamla Nagar,Delhi,12161,1.75,4.57,9,8,16,3,2,124,187,3.7
Tilak Nagar,Delhi,9634,9.55,4.23,1,5,7,0,2,297,52,4.0
Dwarka,Delhi,11436,11.03,2.11,7,9,11,9,4,114,166,4.4
Okhla,Delhi,8516,12.84,2.31,5,5,10,5,4,195,38,1.7
Vasant Kunj,Delhi,15978,8.28,2.47,2,6,11,13,6,77,50,1.2
Okhla,Delhi,9601,19.45,0.74,6,1,11,9,7,96,73,3.5
Rajouri Garden,Delhi,14359,1.11,0.74,3,8,10,5,7,121,98,2.8
GTB Nagar,Delhi,9840,18.32,2.16,1,4,17,9,6,282,29,1.4
Dwarka,Delhi,10858,9.3,4.3,8,6,12,3,5,52,135,3.0
Rohini,Delhi,7463,15.75,4.49,8,8,12,6,2,170,108,4.6
Malviya Nagar,Delhi,15153,15.28,0.25,5,8,14,10,6,55,48,4.8
Kamla Nagar,Delhi,9408,12.07,3.87,9,4,5,3,6,165,80,3.7
Kamla Nagar,Delhi,8560,17.94,1.27,4,3,3,13,6,72,74,2.1
Dwarka,Delhi,10070,15.33,0.2,9,9,7,8,4,257,34,1.8
Dwarka,Delhi,9812,14.94,2.29,2,5,4,8,4,212,53,3.7
Laxmi Nagar,Delhi,8809,0.56,4.74,3,2,11,14,1,174,129,4.6
Karol Bagh,Delhi,13902,2.99,0.94,1,3,19,13,6,177,44,2.9
Tilak Nagar,Delhi,10757,19.45,4.0,9,3,7,2,5,170,32,3.5
Karol Bagh,Delhi,14701,12.9,0.34,2,7,7,10,7,166,121,3.7
Janakpuri,Delhi,10834,17.49,0.85,7,5,10,7,8,155,45,3.0
Pitampura,Delhi,12380,17.89,2.99,6,1,2,10,7,78,36,2.4
Rajouri Garden,Delhi,13734,17.25,3.73,6,8,18,14,6,104,101,2.4
Saket,Delhi,16817,4.74,4.66,6,5,16,1,4,138,25,2.0
Saket,Delhi,13618,8.93,1.84,3,3,19,11,7,196,189,3.4
Kamla Nagar,Delhi,9094,9.95,4.32,6,4,17,1,4,229,158,2.5
Tilak Nagar,Delhi,8201,10.54,1.74,3,7,11,5,3,274,109,1.3
Kamla Nagar,Delhi,9636,4.98,0.65,7,6,15,13,7,76,40,2.5
Laxmi Nagar,Delhi,8662,9.98,4.71,9,4,19,0,4,129,87,3.5
Laxmi Nagar,Delhi,8713,18.16,1.82,3,4,17,2,5,278,99,2.7
Saket,Delhi,14831,17.65,0.73,2,8,4,5,2,81,33,4.2
Ashok Vihar,Delhi,11387,1.05,0.39,8,8,2,12,9,67,43,1.4
Vasant Kunj,Delhi,17230,13.72,4.27,9,3,4,9,5,253,73,1.6
Vasant Kunj,Delhi,15243,3.94,4.39,7,7,9,6,2,214,180,2.6
Ashok Vihar,Delhi,9404,9.9,3.4,5,7,5,11,9,107,25,2.7
Saket,Delhi,14540,17.25,3.9,9,3,18,6,4,213,32,3.2
Rajouri Garden,Delhi,12865,1.37,0.76,7,4,2,6,2,277,158,1.4
Kamla Nagar,Delhi,11710,12.45,4.46,7,6,17,12,7,281,102,1.7
Vasant Kunj,Delhi,16959,15.46,3.9,4,1,6,1,6,143,22,2.0
Ashok Vihar,Delhi,9794,11.5,3.59,6,8,1,11,8,136,31,2.2
Rajouri Garden,Delhi,12887,6.4,1.5,5,3,3,12,3,207,12,4.3
Vasant Kunj,Delhi,16018,16.52,0.53,3,9,2,5,6,68,73,4.8
Vasant Kunj,Delhi,17499,16.63,2.21,7,3,9,10,8,226,161,3.5
Mukherjee Nagar,Delhi,7489,0.76,3.23,8,4,17,1,8,76,32,4.6
Kamla Nagar,Delhi,8547,3.34,2.77,8,7,3,4,4,261,153,4.2
Vasant Kunj,Delhi,17049,11.46,2.43,6,8,3,14,7,102,162,2.7
Rajouri Garden,Delhi,11628,19.41,2.0,9,1,14,1,6,79,46,1.3
Ashok Vihar,Delhi,10327,9.01,1.4,4,1,12,0,2,141,42,3.1
Tilak Nagar,Delhi,10095,3.1,4.43,3,9,7,1,6,205,165,4.9
Vasant Kunj,Delhi,16261,10.22,3.27,9,9,12,1,7,123,95,4.8
GTB Nagar,Delhi,10074,18.47,0.34,8,9,1,5,7,101,182,4.2
Tilak Nagar,Delhi,7749,9.38,1.7,7,2,17,9,8,225,119,3.3
Saket,Delhi,16575,1.57,3.86,3,7,2,10,4,240,198,2.8
Kamla Nagar,Delhi,11994,13.32,0.34,6,4,19,4,9,57,135,1.2
Ashok Vihar,Delhi,12937,16.71,3.59,9,7,18,7,9,68,28,3.6
Ashok Vihar,Delhi,11669,13.85,4.11,3,5,1,13,6,291,97,2.7
Okhla,Delhi,6108,17.6,2.19,6,5,3,14,3,224,90,2.0
Dwarka,Delhi,8814,7.61,3.8,4,1,12,0,9,243,189,4.1
Rajouri Garden,Delhi,12138,14.99,1.4,8,5,2,8,4,83,94,4.2
Ashok Vihar,Delhi,12692,3.2,2.36,2,3,13,11,9,287,107,2.9
Mukherjee Nagar,Delhi,8659,5.14,2.98,3,5,3,0,6,226,51,4.8
Vasant Kunj,Delhi,16617,19.04,4.78,1,8,12,12,7,129,188,4.3
Mayur Vihar,Delhi,9196,14.9,4.73,8,7,1,14,1,270,102,4.6
Kamla Nagar,Delhi,9265,14.62,3.17,9,6,14,11,8,226,198,5.0
Mayur Vihar,Delhi,9233,10.83,0.77,8,9,6,13,3,192,64,2.2
Saket,Delhi,15604,10.27,2.15,4,4,9,10,9,134,78,4.3
Kamla Nagar,Delhi,9588,3.82,3.44,2,8,12,9,1,111,85,4.9
Dwarka,Delhi,10849,2.95,3.74,5,6,19,10,5,66,108,2.8
Ashok Vihar,Delhi,10199,7.35,2.68,6,2,16,5,3,121,41,4.5
Laxmi Nagar,Delhi,8867,16.33,2.1,4,3,12,1,5,50,44,2.3
GTB Nagar,Delhi,7650,8.28,4.21,9,3,18,13,3,119,159,1.3
Laxmi Nagar,Delhi,8936,19.24,1.8,1,5,6,13,3,75,13,2.7
Vasant Kunj,Delhi,14693,13.22,4.06,1,7,5,11,2,116,144,1.1
Pitampura,Delhi,12238,6.37,3.41,6,8,15,3,1,288,169,3.2
Janakpuri,Delhi,11504,14.09,0.47,6,9,5,2,9,146,166,3.8
Laxmi Nagar,Delhi,10645,18.08,2.23,3,1,15,7,1,186,99,2.0
Malviya Nagar,Delhi,13262,13.73,3.95,2,4,9,10,5,155,13,4.7
Rohini,Delhi,6947,6.54,4.85,5,3,14,4,1,281,115,1.7
Okhla,Delhi,7232,16.84,1.25,5,5,3,4,2,297,181,3.8
Malviya Nagar,Delhi,13369,17.51,0.57,1,4,16,7,5,277,25,3.1
Janakpuri,Delhi,9074,3.51,3.68,5,3,4,10,1,184,36,3.5
Mukherjee Nagar,Delhi,9616,8.46,2.19,4,1,13,1,2,163,133,4.2
Mukherjee Nagar,Delhi,9418,11.48,3.94,9,8,9,7,3,163,23,4.7
Mukherjee Nagar,Delhi,7449,13.59,0.7,8,7,4,1,6,128,168,3.7
Janakpuri,Delhi,11318,1.29,4.41,8,8,10,8,5,183,104,2.0
Tilak Nagar,Delhi,9387,16.63,2.17,4,8,7,10,3,271,116,2.4
Mukherjee Nagar,Delhi,10370,18.7,0.81,7,4,16,13,9,200,64,1.2
Vasant Kunj,Delhi,16721,12.73,2.93,5,8,7,10,6,236,17,3.2
Rajouri Garden,Delhi,12695,0.61,0.19,8,8,7,8,7,71,164,4.9
Tilak Nagar,Delhi,8016,2.14,4.44,5,4,17,8,9,135,180,3.0
Tilak Nagar,Delhi,10486,7.47,4.44,2,1,9,3,5,247,94,2.4
Saket,Delhi,14944,11.93,4.39,3,7,16,14,3,166,28,2.7
Malviya Nagar,Delhi,14858,14.87,4.01,6,6,12,8,3,81,95,2.2
Mukherjee Nagar,Delhi,9490,11.16,2.6,7,5,8,1,4,61,118,1.8
Saket,Delhi,16789,5.97,1.6,7,5,10,10,9,244,145,1.9
Ashok Vihar,Delhi,11344,13.4,3.09,5,3,14,11,9,286,107,4.1
Saket,Delhi,13244,7.47,4.53,4,3,12,5,3,113,19,3.0
Karol Bagh,Delhi,15839,2.12,1.61,5,7,14,1,1,166,105,1.8
GTB Nagar,Delhi,9755,3.31,1.64,9,4,13,10,9,270,27,4.6
Tilak Nagar,Delhi,8419,19.0,3.24,3,5,6,4,3,246,82,3.2
Okhla,Delhi,9910,3.84,1.54,5,8,4,2,7,226,38,3.8
Vasant Kunj,Delhi,15985,2.67,2.08,3,8,7,8,7,130,36,4.4
Mukherjee Nagar,Delhi,6817,11.2,1.54,2,7,12,12,2,267,143,1.2
Laxmi Nagar,Delhi,8015,11.88,3.25,5,3,8,10,6,131,65,3.8
Kamla Nagar,Delhi,9890,3.18,1.89,7,2,19,13,7,198,157,3.2
Pitampura,Delhi,12551,10.35,2.25,4,8,3,7,5,69,106,2.4
Pitampura,Delhi,11311,3.16,2.8,8,5,12,11,9,265,33,2.4
Mayur Vihar,Delhi,9329,16.74,1.82,1,3,3,2,3,159,123,1.6
Dwarka,Delhi,11491,14.12,3.67,3,6,3,14,9,242,19,2.5
Mukherjee Nagar,Delhi,6600,9.45,4.88,1,8,3,2,6,99,75,1.9
Vasant Kunj,Delhi,17107,12.44,0.51,2,7,14,7,1,58,113,3.7
Laxmi Nagar,Delhi,8190,9.57,3.7,9,1,2,13,2,108,157,1.8
Janakpuri,Delhi,9674,1.04,0.41,6,2,7,9,6,206,107,1.7
Laxmi Nagar,Delhi,8957,18.19,2.85,9,1,6,6,3,194,118,1.8
Laxmi Nagar,Delhi,10329,17.56,4.28,6,4,9,2,5,240,48,4.5
Dwarka,Delhi,10818,3.23,2.75,2,4,8,10,6,189,168,2.3
Pitampura,Delhi,10434,19.69,0.35,8,5,14,14,5,124,154,4.1
GTB Nagar,Delhi,8820,13.88,1.26,2,3,1,3,2,69,196,1.2
Kamla Nagar,Delhi,8502,15.4,2.42,6,7,17,1,9,125,162,1.4
Dwarka,Delhi,11643,16.93,4.34,4,8,14,14,2,232,116,2.4
Mukherjee Nagar,Delhi,7680,3.39,4.39,2,7,18,3,1,204,111,3.9
Karol Bagh,Delhi,12831,13.15,0.23,7,4,16,5,4,51,33,2.2
Janakpuri,Delhi,12001,7.12,1.86,3,6,8,2,4,127,75,2.5
Mayur Vihar,Delhi,8495,1.35,2.01,4,2,14,14,4,282,193,5.0
Malviya Nagar,Delhi,12181,13.31,0.42,6,5,11,11,7,138,186,3.3
Dwarka,Delhi,11938,4.43,2.21,8,6,11,6,4,295,87,2.0
GTB Nagar,Delhi,9601,9.0,1.04,4,6,11,7,7,204,132,3.4
Okhla,Delhi,8291,19.51,2.27,9,2,2,9,8,179,58,3.3
Mukherjee Nagar,Delhi,10386,2.24,4.53,7,5,8,4,7,280,123,4.5
Karol Bagh,Delhi,14717,18.86,2.26,4,4,1,3,4,89,29,4.7
Pitampura,Delhi,12122,10.58,3.6,7,2,17,2,6,167,105,4.2
Pitampura,Delhi,13348,12.59,2.06,8,8,14,5,1,238,167,1.8
Vasant Kunj,Delhi,17142,6.64,2.32,6,4,6,7,2,218,42,1.3
Laxmi Nagar,Delhi,8491,0.96,3.5,5,4,19,1,9,124,82,2.4
Janakpuri,Delhi,10015,7.04,0.39,9,6,13,13,3,68,126,2.8
Mukherjee Nagar,Delhi,9843,9.93,1.47,1,5,3,8,6,193,161,3.7
Janakpuri,Delhi,9639,4.97,2.32,8,2,9,3,8,209,52,3.1
Dwarka,Delhi,9838,13.19,4.14,5,2,15,3,3,267,100,4.5
Ashok Vihar,Delhi,11534,11.35,0.68,3,8,5,9,9,126,179,2.0
Laxmi Nagar,Delhi,8683,17.42,1.74,3,2,5,3,5,213,96,4.8
Ashok Vihar,Delhi,11921,4.71,1.99,1,7,13,1,3,255,71,2.2
Kamla Nagar,Delhi,10520,4.48,0.26,1,1,10,14,8,167,49,4.1
Vasant Kunj,Delhi,17688,19.96,4.18,5,7,1,10,3,74,194,1.4
Rajouri Garden,Delhi,14365,7.7,4.5,6,4,2,11,7,135,46,1.2
Kamla Nagar,Delhi,10788,18.05,4.68,2,9,15,12,6,108,26,4.4
Rohini,Delhi,9556,10.38,4.3,7,5,14,9,3,174,54,2.8
Laxmi Nagar,Delhi,8284,19.2,2.17,2,2,1,2,1,172,36,4.5
Mayur Vihar,Delhi,9372,12.38,0.82,9,1,18,6,3,169,123,4.2
Saket,Delhi,16377,16.46,0.44,5,7,4,12,3,126,139,1.7
Kamla Nagar,Delhi,12290,13.42,0.23,2,4,14,2,6,147,196,2.2
Mayur Vihar,Delhi,11863,14.85,3.08,2,5,8,0,1,81,106,4.9
Saket,Delhi,13608,3.93,2.53,5,6,9,6,9,161,118,4.3
Karol Bagh,Delhi,12430,2.58,1.48,1,6,15,5,6,205,18,1.7
Malviya Nagar,Delhi,13016,9.34,4.58,7,3,16,6,1,289,76,1.5
Dwarka,Delhi,10656,14.2,3.91,3,3,7,3,1,241,91,2.8
Malviya Nagar,Delhi,15160,5.98,0.89,4,8,2,0,1,197,103,3.2
Rohini,Delhi,9989,19.32,3.69,3,5,16,8,9,143,162,2.2
Ashok Vihar,Delhi,10494,5.85,2.46,8,9,16,0,9,239,155,2.7
Malviya Nagar,Delhi,15892,9.1,1.72,3,1,17,8,5,263,105,2.1
Okhla,Delhi,6335,14.77,2.03,3,9,12,7,2,216,72,1.0
Rajouri Garden,Delhi,14868,2.72,3.27,6,8,19,13,4,74,51,1.9
Saket,Delhi,14999,2.47,3.91,2,9,8,3,6,206,77,3.7
Janakpuri,Delhi,9592,18.88,1.52,3,1,13,11,2,74,23,2.6
Rajouri Garden,Delhi,13011,19.57,1.96,6,7,8,12,8,166,148,1.4
Ashok Vihar,Delhi,11524,14.36,4.02,5,7,7,7,3,136,118,4.9
Pitampura,Delhi,10123,17.88,0.67,3,3,16,11,6,286,45,3.1
GTB Nagar,Delhi,8070,1.71,4.27,9,6,16,2,3,87,22,1.8
Saket,Delhi,14002,14.81,4.84,1,3,3,3,5,276,68,2.6
Malviya Nagar,Delhi,14640,10.6,2.78,3,6,9,14,5,250,118,3.5
Ashok Vihar,Delhi,10812,7.09,3.75,3,5,11,10,7,198,32,2.3
Janakpuri,Delhi,9465,19.76,1.11,5,7,11,4,7,164,146,2.9
Dwarka,Delhi,9335,14.11,2.28,1,4,13,9,4,295,161,3.9
Janakpuri,Delhi,10233,6.86,4.61,8,2,4,0,8,96,107,4.8
Rohini,Delhi,8659,5.91,3.14,4,4,19,5,5,227,65,3.8
Saket,Delhi,15061,4.13,4.01,7,1,16,3,1,183,41,3.5
Rohini,Delhi,9020,15.52,0.43,8,2,17,3,2,157,91,3.7
Laxmi Nagar,Delhi,10529,1.18,1.22,9,2,8,8,3,161,187,2.8
Malviya Nagar,Delhi,14519,16.96,4.57,6,7,13,14,5,132,186,1.8
Rajouri Garden,Delhi,13505,7.62,2.1,2,5,12,7,2,131,60,3.8
Vasant Kunj,Delhi,15991,9.77,3.26,1,8,17,13,4,285,21,3.8
Saket,Delhi,16949,16.26,1.66,1,4,9,5,2,144,165,2.6
Pitampura,Delhi,12427,14.34,0.78,1,7,4,14,4,97,196,4.3
Janakpuri,Delhi,9700,1.4,2.44,4,2,7,6,1,289,98,1.6
Karol Bagh,Delhi,15782,11.89,0.45,1,4,19,12,1,293,142,3.2
Tilak Nagar,Delhi,10286,7.13,4.27,4,5,11,11,8,185,97,3.5
Pitampura,Delhi,10430,17.22,3.75,3,2,12,6,5,291,166,2.2
GTB Nagar,Delhi,10296,11.83,4.07,6,7,9,0,9,166,131,4.7
Mukherjee Nagar,Delhi,8755,7.92,4.11,3,7,14,6,5,129,93,2.3
Ashok Vihar,Delhi,12324,2.48,3.97,8,6,11,3,8,295,24,4.8
Vasant Kunj,Delhi,17013,4.53,0.71,4,5,16,13,4,245,182,1.4
Okhla,Delhi,7023,8.49,2.16,4,7,6,7,5,109,74,1.3
GTB Nagar,Delhi,7628,10.51,3.79,5,7,9,11,8,81,199,3.2
GTB Nagar,Delhi,9252,11.7,3.63,7,9,16,13,2,233,159,4.4
Rohini,Delhi,9840,9.61,0.14,8,3,3,7,7,144,115,1.3
Mukherjee Nagar,Delhi,8796,18.68,0.53,1,1,14,4,3,131,195,4.6
Janakpuri,Delhi,12484,4.63,4.62,1,8,18,9,6,192,145,3.0
Mukherjee Nagar,Delhi,6997,1.36,0.38,3,8,13,5,5,298,146,1.5
Saket,Delhi,16659,5.02,2.94,1,1,18,4,4,206,70,1.5
Rajouri Garden,Delhi,12040,2.52,0.68,2,9,4,3,8,170,66,2.8
Mayur Vihar,Delhi,9111,12.47,3.83,6,1,7,2,3,120,120,4.3
Saket,Delhi,16645,3.0,4.76,6,3,2,10,7,58,78,2.2
Mayur Vihar,Delhi,10725,12.22,2.26,5,4,8,10,5,170,15,1.7
Okhla,Delhi,9659,9.12,0.56,8,4,15,4,7,240,159,2.3
Kamla Nagar,Delhi,9509,1.9,4.47,4,2,8,8,9,191,52,2.5
Mayur Vihar,Delhi,11360,12.35,3.56,8,7,12,10,3,67,83,4.4
Pitampura,Delhi,12132,16.94,3.67,5,5,13,4,7,77,73,3.8
Vasant Kunj,Delhi,14367,7.82,2.21,6,5,12,14,1,198,168,3.5
Rajouri Garden,Delhi,14929,7.84,4.22,7,2,18,2,3,149,106,3.7
Rohini,Delhi,8842,16.32,2.73,5,9,2,8,2,130,33,1.5
Mayur Vihar,Delhi,9341,16.94,2.37,5,9,12,1,9,273,181,1.5
Vasant Kunj,Delhi,15607,15.73,2.82,2,8,18,0,3,88,161,1.4
Karol Bagh,Delhi,15387,11.19,2.93,4,4,16,3,2,160,124,1.6
Dwarka,Delhi,9501,13.08,1.06,8,7,11,13,9,160,132,1.0
Malviya Nagar,Delhi,14243,17.5,1.26,6,7,15,1,3,215,69,1.5
Rajouri Garden,Delhi,14452,14.42,0.52,6,9,14,13,7,161,174,4.1
Mukherjee Nagar,Delhi,8015,7.45,2.57,2,8,15,6,6,124,136,1.5
Kamla Nagar,Delhi,10344,7.53,3.76,9,9,13,7,1,237,188,2.6
Karol Bagh,Delhi,14157,15.41,0.43,4,1,4,4,8,252,134,2.6
Dwarka,Delhi,8723,15.05,4.56,7,1,17,12,9,81,100,2.2
Vasant Kunj,Delhi,17045,1.02,4.62,6,3,14,14,5,64,181,1.6
Pitampura,Delhi,11096,6.23,0.11,2,5,2,2,1,50,178,3.4
Saket,Delhi,13452,7.08,2.18,8,4,9,7,1,136,170,4.2
Karol Bagh,Delhi,13675,1.3,3.71,6,2,9,5,4,122,31,1.2
Mukherjee Nagar,Delhi,10359,11.11,3.89,1,9,4,6,5,241,146,3.6
GTB Nagar,Delhi,11163,17.96,0.14,8,8,15,1,7,58,23,1.8
Janakpuri,Delhi,12523,2.73,3.86,8,9,14,2,5,294,138,2.3
Rohini,Delhi,7447,10.91,1.48,4,1,18,7,5,80,92,3.9
Dwarka,Delhi,11023,11.25,2.07,9,2,17,9,8,162,150,2.9
Malviya Nagar,Delhi,15921,5.56,4.34,5,2,13,1,2,238,163,4.0
Tilak Nagar,Delhi,10258,1.19,2.41,3,2,18,10,1,117,77,1.9
Ashok Vihar,Delhi,9361,11.96,3.58,5,2,12,7,3,297,14,4.2
Janakpuri,Delhi,11535,17.68,1.58,7,6,6,0,8,67,144,4.9
Tilak Nagar,Delhi,7664,9.46,4.89,6,3,2,5,8,127,127,1.2
Dwarka,Delhi,9010,0.74,2.06,1,3,3,10,6,77,98,2.8
Kamla Nagar,Delhi,10286,7.18,4.37,3,2,2,6,6,266,129,2.3
Mayur Vihar,Delhi,11936,13.4,4.93,8,7,5,12,2,140,127,4.2
Laxmi Nagar,Delhi,7697,8.26,4.96,5,4,6,12,7,259,15,2.8
Ashok Vihar,Delhi,12194,18.1,3.81,2,5,3,3,3,61,14,4.3
Vasant Kunj,Delhi,17506,16.86,1.71,3,9,5,0,3,140,19,1.3
Rajouri Garden,Delhi,11623,10.2,4.62,9,2,11,8,8,137,86,2.4
Mukherjee Nagar,Delhi,7219,11.3,3.57,9,2,11,6,6,224,49,4.5
Mayur Vihar,Delhi,11976,12.7,4.48,9,3,4,7,3,141,64,1.8
Vasant Kunj,Delhi,15356,16.66,1.85,9,6,5,5,6,60,92,2.0
Laxmi Nagar,Delhi,8612,8.27,1.46,4,7,19,6,5,51,134,2.3
Mayur Vihar,Delhi,8316,8.35,3.0,7,1,13,2,6,64,144,3.9
Vasant Kunj,Delhi,14393,3.79,2.35,8,8,17,12,5,121,106,2.2
Malviya Nagar,Delhi,13674,7.42,4.78,4,7,2,5,5,226,195,4.8
Malviya Nagar,Delhi,15917,19.54,1.76,7,4,11,2,9,94,129,3.9
Laxmi Nagar,Delhi,7823,2.18,4.96,4,3,15,12,3,214,22,2.5
Dwarka,Delhi,8147,15.3,0.84,2,6,11,0,9,137,159,3.7
Saket,Delhi,15258,17.8,1.61,2,9,16,4,8,285,167,4.7
Mukherjee Nagar,Delhi,9750,4.68,1.47,6,4,2,2,4,59,188,1.6
Kamla Nagar,Delhi,10451,19.54,0.55,1,5,3,13,9,187,157,4.9
Pitampura,Delhi,13349,19.77,3.05,3,3,11,3,7,236,124,1.3
Mukherjee Nagar,Delhi,8595,6.15,1.67,7,9,4,5,6,179,119,4.7
Kamla Nagar,Delhi,10753,18.76,4.85,6,2,16,5,2,203,48,4.8
Mayur Vihar,Delhi,11098,16.51,4.28,1,4,8,2,4,258,149,4.0
GTB Nagar,Delhi,10972,6.63,2.33,1,6,8,13,4,154,22,3.6
Tilak Nagar,Delhi,7734,8.38,3.58,1,5,2,10,7,237,81,2.7
Tilak Nagar,Delhi,10817,18.2,0.53,3,6,5,2,6,124,168,4.4
Rajouri Garden,Delhi,14567,7.2,3.46,5,4,17,2,6,119,60,2.3
Mukherjee Nagar,Delhi,9068,3.1,3.0,4,8,17,2,4,264,62,3.2
Laxmi Nagar,Delhi,9170,5.35,1.7,5,4,18,3,3,79,103,3.3
Tilak Nagar,Delhi,9582,4.97,0.97,9,8,19,4,1,217,182,5.0
Mayur Vihar,Delhi,8122,9.55,1.11,7,1,11,4,7,221,109,3.8
Saket,Delhi,16949,14.77,1.39,5,1,5,7,4,155,79,2.0
Mukherjee Nagar,Delhi,10320,6.36,3.5,2,2,15,8,9,255,110,1.7
Karol Bagh,Delhi,15090,16.74,4.56,3,9,15,4,8,162,174,1.5
Karol Bagh,Delhi,14093,16.9,4.61,7,1,15,14,5,198,181,3.8
Ashok Vihar,Delhi,10916,4.08,4.39,3,8,1,5,1,114,91,2.9
Saket,Delhi,14606,8.4,3.63,9,4,3,2,6,114,196,4.9
Malviya Nagar,Delhi,12426,16.25,3.29,9,9,10,3,4,188,68,1.9
Rohini,Delhi,6233,7.84,1.5,3,8,5,4,6,267,68,2.4
Ashok Vihar,Delhi,9657,18.9,5.0,3,4,11,4,1,254,144,4.7
Pitampura,Delhi,13640,12.81,2.36,9,4,8,0,3,174,147,3.9
Rajouri Garden,Delhi,11999,9.9,0.16,4,5,9,9,9,95,52,2.3
Rajouri Garden,Delhi,11273,8.64,0.16,6,5,19,14,4,79,85,3.8
Tilak Nagar,Delhi,11479,7.96,2.16,5,8,7,11,8,169,11,3.2
Janakpuri,Delhi,12073,3.5,3.75,6,6,8,3,9,298,165,2.3
Janakpuri,Delhi,10368,14.38,4.74,3,2,18,1,3,201,143,4.9
Malviya Nagar,Delhi,13712,19.96,3.87,6,5,13,10,3,179,83,2.3
Saket,Delhi,15183,12.39,4.78,7,3,3,3,2,118,39,4.7
GTB Nagar,Delhi,10910,18.67,3.36,4,9,8,7,9,189,181,3.8
Dwarka,Delhi,8368,6.06,1.17,8,2,9,1,5,154,101,2.8
Rohini,Delhi,9372,8.92,1.9,4,5,4,13,1,188,177,3.1
Dwarka,Delhi,11631,13.93,4.91,6,3,7,1,4,276,175,2.2
Okhla,Delhi,9183,18.79,1.87,1,3,4,5,3,235,31,2.5
Janakpuri,Delhi,10454,9.37,4.4,2,3,9,12,7,266,49,3.4
Rohini,Delhi,6955,7.3,1.93,6,8,14,8,3,57,173,1.4
Okhla,Delhi,7943,17.24,1.07,7,1,10,0,8,255,32,1.7
Laxmi Nagar,Delhi,8887,15.71,1.63,3,7,19,4,8,142,169,4.1
Okhla,Delhi,8866,2.91,0.91,2,7,10,14,6,198,76,1.9
Ashok Vihar,Delhi,12381,3.08,3.67,1,4,17,6,1,107,106,3.8
Ashok Vihar,Delhi,9393,1.17,4.32,5,5,11,3,5,249,54,1.8
Kamla Nagar,Delhi,11738,11.38,1.86,8,5,8,13,3,293,186,2.6
Rajouri Garden,Delhi,14916,10.56,4.61,9,5,6,11,7,294,67,2.9
Mukherjee Nagar,Delhi,8307,10.32,2.83,3,2,14,7,3,63,122,4.1
Malviya Nagar,Delhi,12947,6.28,3.48,3,6,3,2,7,130,183,2.7
Kamla Nagar,Delhi,10566,5.8,1.58,2,4,11,7,2,185,165,5.0
Rohini,Delhi,6250,4.72,0.22,5,8,5,12,4,246,192,3.8
Dwarka,Delhi,8101,1.65,0.5,1,2,11,2,5,120,116,2.8
Okhla,Delhi,6940,9.93,1.77,1,2,8,4,4,168,37,2.5
Malviya Nagar,Delhi,12045,2.5,1.06,4,6,14,1,1,217,194,4.0
Janakpuri,Delhi,12308,2.24,4.82,1,5,12,11,8,264,158,2.9
Vasant Kunj,Delhi,17102,0.77,0.22,4,3,7,0,4,215,28,2.4
Dwarka,Delhi,8240,3.71,2.03,4,9,3,10,1,93,170,3.1
Janakpuri,Delhi,10999,1.53,3.99,8,1,11,10,6,60,71,1.6
Mukherjee Nagar,Delhi,7886,4.56,3.23,9,5,5,9,6,166,183,1.6
Dwarka,Delhi,11362,11.43,4.21,9,8,14,3,8,76,91,1.9
Mayur Vihar,Delhi,8820,9.92,4.72,5,2,3,8,4,286,20,1.1
Laxmi Nagar,Delhi,8843,11.53,0.93,7,7,7,6,7,144,38,1.4
Karol Bagh,Delhi,13770,19.34,4.55,3,4,18,10,3,273,110,3.5
Okhla,Delhi,7994,4.17,3.1,2,3,7,9,6,207,90,1.1
Kamla Nagar,Delhi,11099,13.78,1.9,6,6,3,4,6,268,72,2.3
Pitampura,Delhi,12963,9.37,2.26,9,2,15,6,2,88,117,3.5
Laxmi Nagar,Delhi,9232,11.89,4.89,6,3,11,3,6,89,110,4.8
Ashok Vihar,Delhi,11054,11.17,4.35,7,2,15,0,5,166,86,3.6
Malviya Nagar,Delhi,15026,0.92,3.19,6,1,4,13,5,185,49,1.8
GTB Nagar,Delhi,10645,7.34,2.44,2,4,7,2,3,178,81,2.5
Tilak Nagar,Delhi,8608,1.16,4.45,5,6,3,2,8,69,146,3.1
Janakpuri,Delhi,10703,17.68,0.94,9,2,15,1,2,216,111,4.2
Rohini,Delhi,8683,6.86,0.89,3,6,6,10,4,145,189,1.6
Karol Bagh,Delhi,12628,12.42,1.82,6,6,7,5,8,258,75,3.9
Kamla Nagar,Delhi,9254,16.3,1.38,2,6,3,10,3,93,192,4.2
Rohini,Delhi,6289,0.55,3.94,6,6,3,10,9,51,87,2.7
Pitampura,Delhi,11205,17.8,3.16,4,5,11,5,7,169,86,4.2
Ashok Vihar,Delhi,9771,7.08,1.8,2,4,2,12,8,247,199,4.4
Malviya Nagar,Delhi,13441,5.59,2.68,7,7,17,10,1,52,176,2.7
Mukherjee Nagar,Delhi,9886,13.56,4.77,9,7,12,1,5,125,158,4.2
Dwarka,Delhi,11813,18.35,3.99,2,3,17,3,3,144,149,2.8
Karol Bagh,Delhi,15362,1.55,0.66,8,5,8,6,4,76,23,1.4
Saket,Delhi,16317,7.7,2.53,4,6,7,0,1,191,169,1.2
GTB Nagar,Delhi,7591,18.47,3.12,1,6,9,10,9,128,181,1.5
Saket,Delhi,16707,17.54,3.4,3,2,7,9,6,291,121,2.3
Dwarka,Delhi,9966,17.67,1.73,5,6,5,11,6,257,197,2.7
Janakpuri,Delhi,12765,10.91,2.55,3,1,8,5,8,129,182,2.7
GTB Nagar,Delhi,11381,8.01,1.3,4,8,3,3,6,268,154,1.4
Pitampura,Delhi,13269,15.06,3.43,1,6,17,2,8,181,114,4.7
Saket,Delhi,14583,18.16,3.68,7,8,11,1,3,184,18,3.8
Laxmi Nagar,Delhi,10741,1.26,4.01,4,5,6,11,2,152,155,2.9
GTB Nagar,Delhi,9109,19.71,0.39,6,8,7,13,2,217,64,1.2
Malviya Nagar,Delhi,13383,19.59,4.02,7,8,16,14,8,93,155,3.6
Saket,Delhi,13242,13.35,1.71,7,9,19,3,7,166,66,1.4
Vasant Kunj,Delhi,16154,1.03,4.81,2,9,4,14,4,282,18,2.7
Mukherjee Nagar,Delhi,10291,14.17,3.72,7,9,3,2,6,208,100,1.3
Mayur Vihar,Delhi,10185,16.01,0.97,6,9,17,2,1,53,181,1.8
Vasant Kunj,Delhi,17569,4.8,1.04,7,3,3,2,4,265,154,4.1
Pitampura,Delhi,11203,13.22,2.52,3,5,13,5,2,202,74,2.3
Mayur Vihar,Delhi,10138,2.45,0.68,1,7,15,4,4,296,33,1.7
Okhla,Delhi,9860,16.29,0.78,9,4,3,13,4,285,186,2.2
Mayur Vihar,Delhi,11010,15.21,1.16,6,5,2,6,6,62,177,4.6
Tilak Nagar,Delhi,8703,12.28,4.07,1,5,6,9,5,246,34,3.4
GTB Nagar,Delhi,10806,3.88,1.82,8,5,3,4,6,70,16,3.7
Pitampura,Delhi,12254,19.12,4.1,5,6,19,10,1,185,163,1.1
Kamla Nagar,Delhi,10428,7.09,2.28,6,8,16,11,6,79,151,3.3
Ashok Vihar,Delhi,11817,18.6,2.82,6,9,18,14,6,182,37,3.2
Janakpuri,Delhi,12282,13.06,1.45,4,6,5,0,5,256,102,1.1
Rohini,Delhi,9934,2.88,2.04,1,8,16,13,6,272,182,1.2
Saket,Delhi,15880,3.55,4.07,7,5,18,4,5,98,149,3.6
GTB Nagar,Delhi,9173,6.47,4.49,8,1,15,3,3,125,117,2.9
Karol Bagh,Delhi,12727,5.98,4.23,5,4,7,13,9,296,90,1.9
Vasant Kunj,Delhi,15860,9.37,4.95,3,1,16,4,6,280,175,2.7
Dwarka,Delhi,9503,15.23,0.59,5,4,15,7,7,276,197,1.1
Kamla Nagar,Delhi,10173,14.75,0.81,4,8,12,13,3,99,95,1.6
Okhla,Delhi,6922,18.87,1.37,1,3,9,4,1,294,167,4.2
Kamla Nagar,Delhi,8595,18.67,0.64,5,8,14,5,4,61,37,2.7
Malviya Nagar,Delhi,13029,5.36,1.62,2,1,6,5,6,286,31,1.3
Karol Bagh,Delhi,13710,13.36,2.8,5,7,1,11,2,272,18,4.0
Rohini,Delhi,9643,10.35,0.61,7,2,13,12,1,151,15,3.1
Dwarka,Delhi,11071,1.54,3.79,2,7,8,14,8,267,150,3.7
Janakpuri,Delhi,12045,4.16,3.34,3,8,5,14,3,232,72,1.8
Mukherjee Nagar,Delhi,8855,11.6,3.05,8,1,2,0,1,176,150,5.0
Ashok Vihar,Delhi,11405,14.31,3.62,9,3,16,14,3,78,141,3.9
Rajouri Garden,Delhi,11862,15.08,2.36,1,4,2,5,6,103,56,2.4
Laxmi Nagar,Delhi,7259,19.78,4.62,1,4,11,14,5,278,176,1.2
Laxmi Nagar,Delhi,9987,11.41,3.04,5,3,11,14,8,277,61,2.1
Tilak Nagar,Delhi,10485,14.55,2.31,7,6,14,8,6,80,91,1.3
Rajouri Garden,Delhi,11086,16.71,0.59,8,9,9,6,9,164,181,1.0
Dwarka,Delhi,10674,2.48,3.35,3,9,15,10,8,129,79,3.9
Karol Bagh,Delhi,13389,9.72,3.13,5,1,3,1,3,256,119,1.4
Rajouri Garden,Delhi,14937,13.9,4.49,2,8,16,13,1,112,86,3.0
Pitampura,Delhi,12413,5.76,3.79,8,7,4,6,4,205,182,3.6
Okhla,Delhi,6000,13.76,4.4,3,8,16,5,7,93,59,1.2
Malviya Nagar,Delhi,15331,7.07,3.03,9,6,14,9,3,119,29,4.5
Mukherjee Nagar,Delhi,6994,3.8,2.39,2,6,5,1,1,73,19,3.5
Rohini,Delhi,8274,19.14,4.3,9,3,6,8,9,143,11,4.8
Kamla Nagar,Delhi,8998,19.7,1.85,7,3,7,11,5,181,18,4.4
Janakpuri,Delhi,12848,8.02,4.72,9,2,2,2,9,206,185,5.0
Ashok Vihar,Delhi,10386,2.46,1.67,5,5,2,9,1,167,192,3.6
Ashok Vihar,Delhi,11222,3.81,3.5,9,1,12,2,1,62,15,4.8
Saket,Delhi,16654,18.95,3.64,6,7,16,9,4,221,31,3.2
Laxmi Nagar,Delhi,8851,6.04,2.6,2,7,10,8,7,104,186,2.9
Kamla Nagar,Delhi,10759,7.67,2.62,7,4,7,7,8,82,112,5.0
Karol Bagh,Delhi,15096,2.86,1.12,5,9,15,14,6,143,138,4.4
Pitampura,Delhi,12780,7.54,4.22,6,5,10,14,8,132,52,2.1
Laxmi Nagar,Delhi,8910,1.33,0.15,3,6,16,13,7,138,65,2.2
Okhla,Delhi,9399,0.73,2.26,7,7,19,3,3,277,76,1.3
Ashok Vihar,Delhi,10625,2.33,3.88,8,7,13,14,7,63,73,1.1
Pitampura,Delhi,12126,5.02,2.07,2,8,8,13,1,93,22,1.6
Saket,Delhi,15896,10.13,1.9,5,4,13,2,8,224,90,3.1
Kamla Nagar,Delhi,10142,4.11,1.35,9,6,10,8,7,76,162,3.0
Mukherjee Nagar,Delhi,8513,5.86,4.56,8,1,7,13,2,197,14,2.0
Saket,Delhi,13235,17.18,4.44,4,7,15,11,7,90,117,2.1
Laxmi Nagar,Delhi,10629,2.8,1.9,9,6,8,10,9,243,115,4.3
Rajouri Garden,Delhi,11992,1.64,4.69,8,5,15,5,2,70,31,1.9
Tilak Nagar,Delhi,8498,6.08,0.88,2,5,1,13,1,126,58,4.7
Rajouri Garden,Delhi,12378,11.3,4.43,4,1,5,10,1,247,124,2.4
Mayur Vihar,Delhi,8474,17.47,2.51,4,3,2,0,2,175,39,1.7
Kamla Nagar,Delhi,12034,1.57,2.49,5,9,19,10,4,88,138,3.3
Vasant Kunj,Delhi,16708,4.65,4.96,9,1,6,2,8,233,175,2.4
Karol Bagh,Delhi,15717,16.25,4.75,2,6,18,6,3,286,108,2.0
Pitampura,Delhi,12089,6.06,2.65,4,7,6,13,3,215,135,2.0
Okhla,Delhi,7805,18.54,3.3,9,1,11,6,6,113,181,1.1
Mayur Vihar,Delhi,8813,4.84,3.72,3,3,19,6,1,190,42,2.7
Dwarka,Delhi,8921,17.84,3.86,4,6,9,9,3,111,161,2.4
Rohini,Delhi,9174,17.47,4.83,9,9,6,11,7,203,186,1.0
Rohini,Delhi,7332,19.65,0.81,7,7,14,4,6,52,155,3.9
Karol Bagh,Delhi,15321,11.19,0.68,9,4,16,12,1,275,147,2.4
Karol Bagh,Delhi,12051,13.0,1.85,8,4,6,14,2,270,125,4.3
Tilak Nagar,Delhi,10656,19.56,3.56,1,9,7,8,2,236,10,4.2
Mayur Vihar,Delhi,10437,2.14,3.93,2,9,10,5,8,183,124,4.8
Ashok Vihar,Delhi,9118,15.75,1.69,9,2,10,10,6,223,134,3.4
Ashok Vihar,Delhi,9249,5.16,1.9,5,8,4,0,1,85,145,3.1
Laxmi Nagar,Delhi,10569,10.27,1.94,7,4,8,12,7,292,154,3.5
Karol Bagh,Delhi,15048,15.08,0.53,7,7,16,14,9,123,45,1.1
Tilak Nagar,Delhi,8146,9.35,2.09,2,6,10,12,1,157,177,2.3
Kamla Nagar,Delhi,10889,15.0,0.4,9,6,15,2,7,262,25,3.1
Janakpuri,Delhi,9221,6.21,1.67,2,4,8,10,4,291,164,4.5
Rajouri Garden,Delhi,12580,4.26,2.97,9,8,11,13,9,269,145,1.0
Kamla Nagar,Delhi,8503,18.82,2.92,7,3,10,1,4,225,73,1.5
Laxmi Nagar,Delhi,10573,12.94,1.66,7,1,18,13,3,276,126,1.5
Rajouri Garden,Delhi,14813,10.62,2.47,1,5,10,4,7,179,174,2.7
Malviya Nagar,Delhi,12290,2.12,0.9,2,6,13,0,9,207,136,3.8
Rajouri Garden,Delhi,11203,10.47,1.91,9,4,10,2,6,209,194,1.1
GTB Nagar,Delhi,9431,8.88,3.5,9,9,8,7,1,205,49,1.3
Laxmi Nagar,Delhi,10534,12.47,0.94,7,3,9,11,9,101,77,3.1
Tilak Nagar,Delhi,8453,2.68,4.79,1,4,13,7,7,126,13,2.2
Dwarka,Delhi,10250,18.64,0.37,3,7,4,8,9,255,46,2.5
Saket,Delhi,14115,6.7,0.36,1,1,1,7,4,253,177,2.8
Rajouri Garden,Delhi,11715,2.32,0.24,7,8,5,9,2,213,42,2.4
Malviya Nagar,Delhi,15618,18.72,2.11,4,5,3,7,5,155,100,2.1
Rohini,Delhi,7968,4.56,0.19,9,2,3,2,8,129,90,1.8
Okhla,Delhi,6246,0.53,2.3,6,3,5,13,1,72,41,4.6
Malviya Nagar,Delhi,14332,15.98,3.63,3,5,5,11,9,71,184,3.5
Kamla Nagar,Delhi,11281,16.7,1.73,8,2,15,0,5,141,12,2.8
Janakpuri,Delhi,11399,7.09,4.58,8,2,12,3,2,202,197,3.8
Tilak Nagar,Delhi,10622,5.85,3.53,1,4,14,12,3,106,17,5.0
Rajouri Garden,Delhi,13663,11.24,1.33,5,3,2,14,7,158,75,4.7
Tilak Nagar,Delhi,9601,16.95,1.27,4,4,19,3,2,119,196,4.5
Malviya Nagar,Delhi,12419,13.2,3.93,9,6,15,14,1,143,27,4.3
Dwarka,Delhi,11595,1.25,3.29,5,9,18,9,5,121,143,3.4
Mukherjee Nagar,Delhi,9781,13.3,2.77,9,2,15,1,6,244,160,3.6
Ashok Vihar,Delhi,10122,1.1,0.78,3,8,17,0,2,266,51,2.4
Ashok Vihar,Delhi,12505,7.12,0.36,7,2,19,7,7,267,115,1.8
Pitampura,Delhi,11264,6.88,1.05,7,8,3,6,9,100,184,4.6
Malviya Nagar,Delhi,13646,6.81,2.56,5,1,7,13,1,216,67,4.8
Malviya Nagar,Delhi,15556,0.71,4.13,8,9,19,6,5,146,169,2.2
Okhla,Delhi,6078,10.5,3.76,5,4,10,11,6,102,114,4.4
Mayur Vihar,Delhi,8295,18.19,0.21,1,9,8,5,6,234,17,4.9
Kamla Nagar,Delhi,11440,15.18,2.31,3,9,1,5,1,123,20,2.9
Rohini,Delhi,9610,0.74,4.93,1,8,9,6,1,131,111,1.2
Rohini,Delhi,9153,4.6,1.86,5,1,16,4,9,84,123,2.9
Malviya Nagar,Delhi,14862,14.83,1.83,8,6,2,4,1,98,167,1.6
Rajouri Garden,Delhi,12986,10.24,2.74,2,3,1,14,5,137,159,1.2
Tilak Nagar,Delhi,9746,19.94,1.23,1,5,7,0,9,52,41,2.8
Rajouri Garden,Delhi,14401,6.7,4.75,3,8,17,13,6,50,47,2.9
Rohini,Delhi,9779,8.27,0.56,5,5,4,10,1,192,191,1.6
Ashok Vihar,Delhi,12425,16.69,4.12,3,3,3,4,4,296,23,4.7
Okhla,Delhi,6293,7.54,0.11,4,2,4,3,6,277,143,3.8
GTB Nagar,Delhi,9600,11.85,3.95,7,6,7,12,4,194,79,3.5
Mayur Vihar,Delhi,10450,7.64,1.5,5,1,10,3,6,170,151,2.1
Vasant Kunj,Delhi,14149,11.83,4.5,9,7,15,13,4,274,116,1.1
Mukherjee Nagar,Delhi,6910,5.21,2.62,7,5,8,11,1,154,130,4.9
Ashok Vihar,Delhi,9791,18.08,0.48,1,2,14,13,1,267,124,1.2
Dwarka,Delhi,9667,5.87,2.91,2,7,16,0,3,126,38,2.0
Janakpuri,Delhi,9231,17.73,3.97,6,3,10,1,7,144,83,2.4
Rohini,Delhi,7782,11.86,2.66,9,9,13,5,9,99,177,1.9
Vasant Kunj,Delhi,14787,16.35,3.85,1,8,8,1,6,179,79,3.1
Pitampura,Delhi,13654,15.73,3.9,5,2,16,14,3,274,162,2.7
Mayur Vihar,Delhi,10802,16.12,0.14,1,9,13,2,8,111,63,1.6
Okhla,Delhi,7146,13.39,3.06,8,3,14,1,7,249,115,2.6
Vasant Kunj,Delhi,17207,16.4,0.22,3,1,5,0,4,81,186,4.5
Malviya Nagar,Delhi,15022,2.5,2.68,2,7,3,9,7,281,114,3.9
Janakpuri,Delhi,11918,15.63,4.84,4,8,13,11,9,149,188,4.8
Pitampura,Delhi,12986,15.87,0.59,5,1,6,12,5,121,170,4.8
Ashok Vihar,Delhi,9954,2.07,1.3,4,5,11,6,6,101,110,4.2
Laxmi Nagar,Delhi,7876,0.79,0.23,1,1,16,6,9,61,11,1.9
Pitampura,Delhi,10230,11.79,1.73,4,8,9,6,7,192,179,4.0
Vasant Kunj,Delhi,17156,18.43,2.97,9,5,11,1,5,173,117,2.4
Dwarka,Delhi,9612,7.28,3.68,1,9,16,0,3,268,94,3.6
Kamla Nagar,Delhi,10165,3.74,2.93,1,3,2,10,7,234,17,2.8
Rajouri Garden,Delhi,13943,3.7,2.38,1,2,10,5,7,65,101,2.4
Janakpuri,Delhi,12568,19.33,4.09,2,7,3,10,6,266,160,1.7
Okhla,Delhi,8001,7.77,0.9,7,1,15,10,6,137,30,1.5
Janakpuri,Delhi,12811,16.97,1.14,5,8,2,8,1,237,180,2.3
Rohini,Delhi,8001,13.99,1.95,3,1,3,6,5,295,119,2.1
Okhla,Delhi,7384,0.68,1.02,2,3,7,12,8,104,55,4.8
Vasant Kunj,Delhi,15746,19.18,2.89,1,3,6,5,1,261,115,2.8
Rohini,Delhi,6745,0.87,4.62,2,1,17,14,4,122,10,4.2
Mayur Vihar,Delhi,11548,1.94,3.0,8,8,8,1,3,166,181,4.7
Kamla Nagar,Delhi,10492,11.4,1.81,6,1,16,6,3,127,155,3.2
Dwarka,Delhi,10040,8.58,2.14,7,1,6,11,8,284,127,1.2
Mukherjee Nagar,Delhi,8310,4.51,1.8,4,8,17,13,4,157,86,3.8
Tilak Nagar,Delhi,11125,12.58,2.03,2,8,18,13,2,280,141,3.6
Pitampura,Delhi,11483,3.41,4.1,3,3,9,5,5,118,128,1.9
Janakpuri,Delhi,12958,9.74,3.43,9,1,18,11,6,54,122,2.4
Dwarka,Delhi,8011,11.45,4.72,5,4,7,0,7,253,112,2.4
Tilak Nagar,Delhi,10825,1.8,2.29,7,1,16,0,9,118,141,4.7
Janakpuri,Delhi,10877,3.23,1.57,8,6,15,3,4,219,114,1.5
Rajouri Garden,Delhi,11108,5.75,4.81,9,9,16,0,2,112,14,2.9
Pitampura,Delhi,13363,2.55,4.37,4,4,19,8,2,98,45,1.5
Rohini,Delhi,9130,5.25,4.41,3,8,13,2,3,50,103,1.7
Vasant Kunj,Delhi,16066,10.98,1.34,2,1,13,5,2,268,180,3.3
Ashok Vihar,Delhi,10723,12.2,3.6,5,4,2,12,7,151,112,1.0
Janakpuri,Delhi,12242,9.03,1.37,5,4,18,5,6,284,134,3.5
Rajouri Garden,Delhi,12716,14.36,0.91,8,8,19,2,8,81,36,3.8
Mayur Vihar,Delhi,11412,15.33,2.14,1,8,11,14,3,195,63,1.2
Vasant Kunj,Delhi,15390,3.63,1.97,2,4,9,6,1,279,19,4.4
Laxmi Nagar,Delhi,10446,3.06,4.59,5,5,11,6,1,269,121,1.7
Laxmi Nagar,Delhi,8114,17.51,2.76,4,2,4,10,5,224,121,3.8
Dwarka,Delhi,8693,7.27,3.74,2,3,3,2,4,221,47,4.7
Malviya Nagar,Delhi,13773,7.46,0.33,2,2,15,3,7,271,88,1.3
Janakpuri,Delhi,11529,19.78,3.12,2,8,11,10,4,103,176,4.5
Tilak Nagar,Delhi,8319,12.17,4.66,5,5,1,10,7,89,132,1.9
Okhla,Delhi,6276,10.13,4.95,1,3,3,12,1,228,89,4.8
Dwarka,Delhi,10702,16.01,3.34,8,1,4,6,4,139,132,4.0
Saket,Delhi,14724,14.87,4.48,5,4,9,4,9,201,68,2.8
Mukherjee Nagar,Delhi,6773,8.46,2.11,8,3,13,4,6,75,93,3.8
Tilak Nagar,Delhi,7702,2.67,3.64,8,3,17,0,9,114,34,3.5
Tilak Nagar,Delhi,9626,16.13,1.05,7,6,9,10,5,85,21,1.1
Karol Bagh,Delhi,14883,16.22,0.7,8,2,19,5,4,252,98,3.5
Malviya Nagar,Delhi,15173,6.15,1.52,6,5,1,5,4,232,158,4.6
Laxmi Nagar,Delhi,9828,6.98,4.84,7,7,10,13,6,235,153,2.0
Mayur Vihar,Delhi,10338,3.09,1.34,2,9,15,11,3,52,19,3.9
Ashok Vihar,Delhi,9196,9.1,0.42,6,2,6,14,9,146,156,3.1
Vasant Kunj,Delhi,15735,6.13,1.45,5,2,14,11,3,72,89,4.0
Okhla,Delhi,6347,17.37,3.92,3,1,9,13,5,162,172,2.4
Laxmi Nagar,Delhi,7390,19.08,4.94,6,2,3,10,7,170,100,4.1
Mayur Vihar,Delhi,9627,0.62,1.81,6,7,19,4,2,293,63,1.8
Ashok Vihar,Delhi,9499,17.92,0.19,1,3,18,2,9,170,141,1.8
Janakpuri,Delhi,9004,6.44,2.3,7,9,13,11,5,287,168,4.1
Ashok Vihar,Delhi,10674,15.99,2.97,2,7,19,4,7,289,27,3.1
Rajouri Garden,Delhi,12976,19.73,4.94,8,8,10,5,8,202,55,4.1
Kamla Nagar,Delhi,9107,5.62,3.3,7,5,12,3,8,74,186,1.6
Pitampura,Delhi,12903,1.94,2.06,3,6,3,14,9,141,17,2.9
Ashok Vihar,Delhi,9945,10.69,2.69,6,9,18,1,2,267,33,4.8
Ashok Vihar,Delhi,12176,3.3,2.17,4,2,15,4,1,236,78,3.6
Mukherjee Nagar,Delhi,9010,13.14,2.86,6,7,3,8,1,151,147,4.6
Ashok Vihar,Delhi,11471,19.27,0.12,2,1,5,1,1,247,152,1.7
Karol Bagh,Delhi,14746,1.33,2.52,4,4,11,11,5,240,183,2.1
Janakpuri,Delhi,9964,5.51,3.69,5,4,4,14,6,57,112,1.1
Tilak Nagar,Delhi,8478,10.05,3.98,2,5,11,1,9,206,159,1.5
Ashok Vihar,Delhi,12852,9.36,1.46,8,6,16,9,7,198,171,1.4
Rohini,Delhi,6736,7.5,4.03,2,7,16,6,8,150,158,2.5
Tilak Nagar,Delhi,7698,5.24,3.18,8,7,1,5,2,105,91,1.1
Pitampura,Delhi,10351,19.26,3.3,1,8,3,14,5,288,112,4.5
GTB Nagar,Delhi,11395,17.96,0.91,5,9,11,0,5,124,168,4.4
Saket,Delhi,16043,6.34,1.0,6,3,1,8,2,251,106,3.5
Pitampura,Delhi,11655,15.06,3.1,4,5,9,7,8,203,175,1.0
Janakpuri,Delhi,10814,6.85,1.92,8,1,17,8,1,237,177,2.7
Mukherjee Nagar,Delhi,9347,18.53,4.28,8,1,12,8,1,147,139,3.7
Okhla,Delhi,9841,15.39,3.74,3,9,18,1,5,120,131,2.7
Ashok Vihar,Delhi,9047,1.12,0.35,4,8,3,7,3,181,14,4.8
Kamla Nagar,Delhi,12350,11.74,5.0,2,4,6,13,4,267,113,3.2
Mukherjee Nagar,Delhi,7212,12.32,3.56,2,1,18,12,8,57,88,3.0
Mayur Vihar,Delhi,8642,3.21,0.35,5,6,1,11,6,271,104,5.0
Tilak Nagar,Delhi,9167,4.36,3.97,6,9,14,7,4,292,105,1.2
Rajouri Garden,Delhi,12283,18.15,4.8,7,8,17,2,8,231,106,1.9
Okhla,Delhi,7983,5.98,3.15,2,6,13,5,9,59,54,2.9
Kamla Nagar,Delhi,11562,1.44,2.17,7,8,6,4,8,173,33,2.5
Rohini,Delhi,9714,17.82,3.84,9,8,7,6,7,271,26,4.6
Rajouri Garden,Delhi,13768,17.58,4.82,2,9,13,12,5,264,51,3.6
Pitampura,Delhi,13036,13.69,1.73,6,4,11,7,3,259,182,4.2
Malviya Nagar,Delhi,13717,17.11,1.41,7,6,8,7,8,272,40,3.0
Tilak Nagar,Delhi,10781,16.8,3.74,1,4,4,7,4,78,59,3.1
Mukherjee Nagar,Delhi,8356,15.07,0.11,9,9,11,2,3,269,138,3.7
Kamla Nagar,Delhi,8551,8.26,2.69,8,6,14,6,6,210,30,4.0
Kamla Nagar,Delhi,10131,8.38,4.68,5,1,7,10,7,75,25,4.5
Kamla Nagar,Delhi,9042,11.87,2.91,3,8,1,6,3,191,19,4.3
Malviya Nagar,Delhi,13045,11.27,0.38,2,7,1,6,6,148,172,4.3
Mayur Vihar,Delhi,9886,14.02,4.05,5,3,17,8,3,266,41,1.3
Okhla,Delhi,9062,1.76,1.91,5,7,17,3,3,193,24,2.7
Pitampura,Delhi,13863,10.74,3.08,1,4,15,11,7,271,128,4.3
Okhla,Delhi,8448,17.14,1.81,5,9,14,9,2,297,195,3.5
Pitampura,Delhi,10529,18.8,2.02,3,9,14,13,9,111,72,2.2
Vasant Kunj,Delhi,14406,0.55,2.72,1,4,7,2,6,105,133,2.9
Laxmi Nagar,Delhi,7882,9.84,0.74,8,4,18,6,8,84,83,4.9
Mukherjee Nagar,Delhi,7221,2.93,0.17,3,1,8,11,4,66,62,1.4
Mayur Vihar,Delhi,10598,11.9,0.21,1,7,12,11,7,72,158,3.6
Pitampura,Delhi,13953,13.29,2.55,2,3,4,4,3,202,183,2.3
Vasant Kunj,Delhi,14860,19.07,1.3,5,2,6,0,5,65,55,5.0
Dwarka,Delhi,10519,9.21,3.13,4,1,5,1,6,179,178,4.4
Rajouri Garden,Delhi,11868,17.69,1.35,6,4,1,4,7,233,198,4.2
Malviya Nagar,Delhi,14276,1.43,3.2,2,1,14,4,6,216,125,4.6
Saket,Delhi,15975,14.52,4.1,4,3,10,12,4,141,10,4.8
Rohini,Delhi,8713,17.74,1.7,8,5,13,14,8,206,134,3.3
Dwarka,Delhi,10198,1.7,0.1,7,5,11,3,9,214,61,3.7
Ashok Vihar,Delhi,12838,13.7,1.03,6,4,19,9,1,85,99,2.0
Laxmi Nagar,Delhi,7230,14.98,4.33,8,7,17,1,1,156,191,1.6
Rajouri Garden,Delhi,14883,9.57,3.67,5,7,15,14,6,239,193,1.2
Okhla,Delhi,7624,1.45,3.3,6,7,4,11,8,278,138,2.5
Rajouri Garden,Delhi,14785,10.77,3.68,4,6,13,13,3,101,137,3.1
Okhla,Delhi,9978,14.5,3.58,6,1,17,5,8,77,83,4.8
Pitampura,Delhi,11251,8.96,2.69,6,8,5,9,4,190,192,3.2
Malviya Nagar,Delhi,15010,11.1,1.9,9,7,16,12,3,149,42,3.7
Pitampura,Delhi,11315,0.74,1.59,2,6,9,10,1,96,118,4.6
Rajouri Garden,Delhi,13943,6.11,4.93,9,2,8,5,6,182,11,1.8
Malviya Nagar,Delhi,13734,14.08,0.36,4,4,10,5,5,110,52,3.6
Rajouri Garden,Delhi,13365,6.59,2.81,2,9,14,9,1,272,88,4.6
Laxmi Nagar,Delhi,10184,6.43,0.89,9,4,13,0,5,72,92,4.2
Mayur Vihar,Delhi,9415,18.37,2.63,1,9,9,4,8,223,54,4.9
Okhla,Delhi,6043,15.04,3.42,3,6,8,13,6,286,153,2.5
Karol Bagh,Delhi,15889,8.71,1.75,3,9,2,14,9,106,24,4.8
Laxmi Nagar,Delhi,9510,0.92,0.77,4,5,6,1,5,237,105,4.1
Malviya Nagar,Delhi,12837,16.0,0.64,8,1,15,7,4,121,199,3.8
Janakpuri,Delhi,11488,18.19,1.88,6,2,5,13,4,136,189,3.5
Mukherjee Nagar,Delhi,7737,12.86,4.34,7,2,2,2,1,289,132,4.3
Malviya Nagar,Delhi,13938,1.59,0.65,4,1,18,1,4,238,130,1.1
Vasant Kunj,Delhi,15271,18.63,0.31,6,2,5,6,9,196,75,4.4
Rajouri Garden,Delhi,11622,14.53,2.13,5,8,9,1,8,145,76,2.2
Vasant Kunj,Delhi,14709,4.89,0.56,6,7,1,6,8,211,158,4.2
Rohini,Delhi,6936,14.3,1.65,5,4,11,9,3,184,198,2.8
Pitampura,Delhi,10559,11.77,4.3,7,2,14,0,8,200,59,4.5
Pitampura,Delhi,11070,1.36,0.37,4,8,16,11,1,173,106,2.9
GTB Nagar,Delhi,8792,3.31,3.25,2,9,11,6,6,200,109,4.4
Kamla Nagar,Delhi,10705,2.53,3.79,1,7,11,14,9,241,199,4.9
Pitampura,Delhi,11399,4.55,1.85,6,8,3,7,8,261,65,1.6
Karol Bagh,Delhi,12050,16.16,1.97,6,5,17,13,9,61,184,1.2
Pitampura,Delhi,13537,18.82,4.12,3,9,11,13,9,146,133,3.2
Pitampura,Delhi,11831,12.57,3.67,8,7,16,3,2,225,97,2.1
Laxmi Nagar,Delhi,10070,11.87,4.06,6,6,7,12,9,178,151,2.7
Tilak Nagar,Delhi,7558,3.82,2.1,5,9,5,11,9,227,49,3.6
Rajouri Garden,Delhi,12412,6.42,2.33,3,8,11,2,6,233,181,3.1
Malviya Nagar,Delhi,13704,15.92,2.25,8,4,7,2,5,106,116,2.4
Kamla Nagar,Delhi,9353,16.45,2.82,4,8,12,10,9,210,82,4.6
Pitampura,Delhi,13114,2.08,4.39,4,3,10,3,4,78,189,1.7
Okhla,Delhi,7592,14.79,0.88,3,5,10,7,9,105,105,3.2
Tilak Nagar,Delhi,8322,6.16,4.2,1,6,15,5,9,160,126,3.7
Tilak Nagar,Delhi,8578,9.46,1.65,8,6,2,7,6,161,113,1.0
Saket,Delhi,16484,13.28,0.56,2,6,8,4,9,90,177,4.9
Mayur Vihar,Delhi,8000,11.76,3.32,3,4,18,0,1,115,197,1.6
Dwarka,Delhi,8261,10.46,1.83,5,5,5,0,1,202,55,3.5
Vasant Kunj,Delhi,16536,17.13,2.72,1,3,1,1,3,243,81,1.6
Mayur Vihar,Delhi,8422,15.45,1.04,8,1,10,9,7,136,122,2.6
Tilak Nagar,Delhi,8179,7.34,1.12,3,3,16,7,4,85,96,3.8
Mukherjee Nagar,Delhi,8987,10.84,2.64,7,8,17,4,3,60,174,3.5
Pitampura,Delhi,10068,11.98,2.17,1,8,5,13,8,207,139,2.2
Ashok Vihar,Delhi,10524,10.87,2.7,2,1,6,13,4,73,78,3.8
GTB Nagar,Delhi,9601,8.59,1.32,7,3,10,6,6,129,135,4.4
Malviya Nagar,Delhi,13102,19.11,1.08,1,4,16,2,9,142,110,2.1
Saket,Delhi,13497,1.16,3.12,6,8,2,11,6,294,66,4.6
Laxmi Nagar,Delhi,7972,9.42,1.5,2,8,19,9,4,62,112,3.9
GTB Nagar,Delhi,8136,5.42,2.52,5,4,8,12,8,296,15,1.2
Laxmi Nagar,Delhi,7720,7.15,2.0,6,1,4,13,6,225,10,3.0
Pitampura,Delhi,11851,13.25,2.82,4,9,6,11,4,288,83,4.2
Rohini,Delhi,6896,9.16,1.97,3,6,15,12,4,87,138,2.2
Rajouri Garden,Delhi,13586,13.92,4.97,4,9,6,5,4,165,121,4.1
Saket,Delhi,13384,10.1,4.02,6,2,15,10,3,103,37,1.2
Pitampura,Delhi,10301,12.4,2.74,8,7,5,2,2,190,36,2.7
Okhla,Delhi,6681,14.9,4.81,8,7,14,1,3,51,171,4.6
Ashok Vihar,Delhi,10188,1.05,2.74,1,1,6,12,2,111,127,4.5
Karol Bagh,Delhi,13836,8.34,4.94,9,4,12,6,2,158,55,1.7
GTB Nagar,Delhi,11166,12.98,4.65,8,1,1,4,1,155,184,1.3
Saket,Delhi,15520,12.3,2.54,4,9,14,13,9,183,104,2.0
Mukherjee Nagar,Delhi,9843,5.0,0.52,4,3,7,6,4,73,160,2.5
Rohini,Delhi,6706,15.85,0.27,7,4,9,1,6,153,102,2.9
Mukherjee Nagar,Delhi,8875,19.74,1.86,6,9,5,2,7,145,87,4.0
Janakpuri,Delhi,10210,17.93,3.58,3,3,8,8,3,94,131,2.7
Pitampura,Delhi,13853,7.2,1.1,9,8,2,0,9,60,104,2.0
Kamla Nagar,Delhi,11334,17.15,3.3,9,2,6,6,4,239,174,3.0
Karol Bagh,Delhi,12081,18.96,0.75,9,1,6,5,2,292,143,3.9
Dwarka,Delhi,11873,16.74,2.29,3,2,14,13,1,159,67,2.1
Pitampura,Delhi,12852,1.45,0.84,7,5,4,8,1,62,161,3.2
Saket,Delhi,16166,8.39,2.22,7,6,2,7,6,159,157,2.1
Ashok Vihar,Delhi,12404,11.11,3.12,3,3,5,2,9,96,72,4.6
Pitampura,Delhi,11466,6.29,4.5,5,4,3,13,5,123,135,2.0
Okhla,Delhi,7186,13.11,3.2,2,5,14,11,2,180,83,4.9
Saket,Delhi,14247,2.34,1.41,7,5,17,14,1,123,30,4.2
Vasant Kunj,Delhi,15779,2.71,1.3,2,5,17,5,5,256,163,4.5
Vasant Kunj,Delhi,15159,1.22,4.78,8,1,2,6,6,232,197,3.8
Mukherjee Nagar,Delhi,7612,0.66,3.15,3,2,14,4,9,176,125,1.0
Ashok Vihar,Delhi,12596,16.71,1.3,4,5,6,14,5,245,31,1.3
Pitampura,Delhi,11490,13.24,1.45,1,9,16,5,4,198,26,1.8
Rajouri Garden,Delhi,12981,6.21,4.38,7,2,17,11,3,246,49,3.8
Okhla,Delhi,8821,8.25,1.03,6,4,1,9,5,164,80,3.6
Ashok Vihar,Delhi,10037,15.61,0.83,5,6,2,8,2,181,101,3.8
GTB Nagar,Delhi,7593,8.13,4.41,5,3,3,11,2,169,74,4.8
Saket,Delhi,15641,15.86,4.26,9,1,8,8,3,233,10,3.6
Kamla Nagar,Delhi,10193,4.68,1.09,9,4,18,3,9,168,89,2.3
GTB Nagar,Delhi,8469,0.91,2.36,2,7,14,11,8,138,82,4.5
Mayur Vihar,Delhi,11135,1.78,1.67,5,9,5,7,3,183,126,1.0
Karol Bagh,Delhi,13223,11.03,2.3,8,5,1,14,3,195,47,5.0
Rajouri Garden,Delhi,11405,3.93,2.76,3,5,2,12,1,276,181,3.4
Vasant Kunj,Delhi,15551,10.25,0.58,5,3,9,12,8,203,195,2.5
Laxmi Nagar,Delhi,9640,16.22,1.82,4,9,11,13,8,70,48,3.0
Janakpuri,Delhi,11763,18.91,0.39,4,8,16,4,6,284,120,1.0
Dwarka,Delhi,11966,9.25,0.3,8,7,13,11,6,134,196,1.1
Mayur Vihar,Delhi,9151,0.86,1.17,6,1,17,13,8,142,21,2.8
Malviya Nagar,Delhi,13773,17.77,1.19,7,9,4,11,3,89,124,4.4
Saket,Delhi,14413,7.99,4.73,6,1,19,3,6,284,177,4.4
Karol Bagh,Delhi,14953,17.6,1.21,5,8,7,8,3,197,20,4.8
Ashok Vihar,Delhi,12249,7.0,0.57,8,4,11,2,7,259,70,1.1
Rajouri Garden,Delhi,12123,8.58,0.66,7,5,10,0,7,165,114,3.8
Okhla,Delhi,8271,13.85,3.05,1,4,17,11,9,62,95,3.1
Dwarka,Delhi,11729,10.03,2.97,5,9,16,9,9,155,86,3.4
Rajouri Garden,Delhi,13145,14.13,0.93,1,1,10,4,9,199,24,4.3
Pitampura,Delhi,10579,1.08,4.91,7,1,13,8,2,280,64,4.2
Rajouri Garden,Delhi,13108,2.37,3.98,1,3,10,13,5,177,139,4.8
Vasant Kunj,Delhi,16345,11.47,1.54,6,3,16,5,9,80,11,2.8
Ashok Vihar,Delhi,12612,18.75,2.16,7,4,12,14,6,101,72,1.2
Ashok Vihar,Delhi,10401,3.32,3.22,2,6,18,7,2,97,97,1.4
Janakpuri,Delhi,9755,16.89,3.45,2,6,8,1,8,164,83,1.5
Mayur Vihar,Delhi,8856,7.72,2.91,5,6,10,7,6,208,105,4.3
Karol Bagh,Delhi,15151,10.41,2.78,6,1,1,9,9,55,134,1.2
Rohini,Delhi,6462,15.03,1.13,6,2,5,0,5,116,189,4.3
Malviya Nagar,Delhi,14627,16.38,0.79,4,4,6,6,7,116,54,4.1
Pitampura,Delhi,13615,12.87,4.69,7,6,3,14,6,165,184,2.1
Janakpuri,Delhi,11747,9.21,3.74,1,6,8,8,1,186,17,1.4
Vasant Kunj,Delhi,15986,16.57,4.39,1,9,1,10,1,113,146,1.0
Tilak Nagar,Delhi,8954,2.66,0.35,7,9,18,6,4,144,194,4.7
Laxmi Nagar,Delhi,9272,16.91,0.82,1,6,19,9,6,218,85,3.3
Rajouri Garden,Delhi,13115,1.05,0.99,4,3,11,9,2,201,33,2.9
Karol Bagh,Delhi,15169,17.27,1.36,8,6,2,0,3,183,13,3.0
Ashok Vihar,Delhi,11543,6.31,1.81,7,8,16,1,6,157,12,2.8
Kamla Nagar,Delhi,12057,14.8,2.81,8,2,5,4,4,83,38,1.7
Rohini,Delhi,9811,1.95,1.55,9,9,13,5,1,184,103,2.3
Vasant Kunj,Delhi,16290,6.88,4.51,2,3,9,14,8,151,178,2.0
Laxmi Nagar,Delhi,9512,0.81,1.82,4,4,12,14,1,107,197,1.3
GTB Nagar,Delhi,8567,9.08,3.09,6,4,16,11,2,283,19,3.8
Ashok Vihar,Delhi,12800,14.24,1.26,3,2,11,13,6,106,92,4.1
Karol Bagh,Delhi,13513,10.97,4.64,4,1,19,7,7,251,182,4.4
Laxmi Nagar,Delhi,7485,10.27,4.06,6,6,5,8,8,212,110,2.1
Vasant Kunj,Delhi,17450,5.26,1.9,8,3,14,5,3,53,138,1.8
Vasant Kunj,Delhi,17970,19.93,4.66,3,9,10,1,4,173,114,2.0
Kamla Nagar,Delhi,11149,19.15,4.18,4,1,11,7,6,148,178,1.6
Vasant Kunj,Delhi,15660,5.9,4.31,9,7,4,5,6,102,58,3.3
Laxmi Nagar,Delhi,8137,14.63,2.61,6,3,1,11,2,232,118,1.4
Vasant Kunj,Delhi,17332,17.72,4.36,8,2,19,9,1,52,161,1.5
Vasant Kunj,Delhi,16971,6.01,2.18,9,4,6,12,2,96,43,1.0
Malviya Nagar,Delhi,15452,11.72,1.72,8,5,14,13,9,179,38,3.5
Pitampura,Delhi,12387,15.24,2.76,5,9,12,9,8,211,38,3.6
Ashok Vihar,Delhi,11315,7.08,3.11,8,5,11,9,1,75,51,4.0
Tilak Nagar,Delhi,10409,2.17,0.58,8,1,5,14,6,243,66,2.1
Tilak Nagar,Delhi,7773,18.36,2.73,4,1,12,7,4,239,48,1.3
Janakpuri,Delhi,10412,4.52,4.77,2,6,11,6,1,142,57,4.7
Okhla,Delhi,8575,18.7,3.25,3,9,2,6,3,181,153,4.0
Tilak Nagar,Delhi,10103,14.89,4.17,2,6,14,12,4,206,44,2.2
Laxmi Nagar,Delhi,9730,12.01,0.79,6,5,6,1,2,129,183,2.5
Janakpuri,Delhi,12699,12.55,4.49,1,9,9,8,4,68,145,1.6
Kamla Nagar,Delhi,9519,4.51,3.57,8,1,14,13,8,266,11,3.5
Rajouri Garden,Delhi,13399,5.09,0.74,5,7,14,8,6,275,24,2.3
Rajouri Garden,Delhi,12135,8.28,4.89,6,3,15,8,4,159,146,2.1
Dwarka,Delhi,9122,2.53,3.99,5,4,3,10,1,126,15,4.8
Pitampura,Delhi,10068,6.49,2.35,4,5,11,1,3,290,143,1.9
Vasant Kunj,Delhi,15660,16.9,4.89,7,2,1,11,9,231,83,4.6
Tilak Nagar,Delhi,8319,8.66,4.33,3,5,2,10,1,221,129,2.8
Tilak Nagar,Delhi,10091,1.39,2.99,5,1,5,9,1,214,179,1.2
Pitampura,Delhi,12126,11.7,4.9,5,7,17,3,3,94,14,1.5
GTB Nagar,Delhi,11093,9.28,3.4,1,4,1,3,8,185,180,3.8
Pitampura,Delhi,12537,2.06,3.19,3,4,9,10,2,119,117,2.0
Tilak Nagar,Delhi,7639,1.17,2.53,1,6,9,7,8,83,103,4.4
Kamla Nagar,Delhi,12385,19.1,4.72,1,3,16,14,7,274,25,1.5
Vasant Kunj,Delhi,15602,17.16,4.28,8,7,18,10,4,149,105,1.0
Mayur Vihar,Delhi,9785,17.91,3.58,5,9,11,9,6,183,102,1.0
Mukherjee Nagar,Delhi,8103,15.85,4.62,9,9,1,14,1,211,195,1.5
Pitampura,Delhi,12026,16.37,3.47,9,1,6,0,4,213,151,3.6
Mukherjee Nagar,Delhi,8250,16.96,1.94,7,7,7,0,1,268,113,3.3
Laxmi Nagar,Delhi,7404,8.68,2.25,8,2,8,8,2,63,18,3.0
Dwarka,Delhi,11064,3.26,0.84,1,8,11,12,6,61,174,2.3
Malviya Nagar,Delhi,14994,5.66,0.14,3,6,6,5,2,150,118,2.9
Rajouri Garden,Delhi,11228,4.88,3.79,3,2,17,10,1,244,102,3.2
Okhla,Delhi,7558,3.77,2.94,5,1,15,5,6,59,90,4.1
Malviya Nagar,Delhi,15233,12.81,2.68,7,9,7,5,8,115,177,2.1
Dwarka,Delhi,11202,4.43,3.09,3,4,6,0,2,100,12,4.8
Pitampura,Delhi,10908,16.34,1.79,5,5,6,3,8,85,114,3.3
GTB Nagar,Delhi,8321,15.82,2.49,2,5,5,5,1,206,96,2.2
Saket,Delhi,13575,12.01,2.97,2,1,1,1,2,233,92,3.0
Kamla Nagar,Delhi,12171,11.25,4.99,9,6,16,7,6,252,86,1.7
Tilak Nagar,Delhi,8336,12.98,2.11,2,9,13,9,5,157,178,1.8
Janakpuri,Delhi,10257,19.38,1.7,5,1,2,0,4,70,33,4.0
Mukherjee Nagar,Delhi,7859,3.57,1.18,7,5,2,13,9,270,34,1.0
Karol Bagh,Delhi,13755,1.48,3.0,3,5,1,6,7,202,70,1.0
Karol Bagh,Delhi,14282,2.8,3.16,7,5,9,7,9,141,186,1.6
Malviya Nagar,Delhi,14900,11.03,2.62,6,2,7,14,8,60,47,4.9
Rohini,Delhi,9075,2.88,4.43,3,9,16,0,4,230,175,1.1
Rajouri Garden,Delhi,11912,3.05,3.24,3,6,12,2,2,204,159,2.9
Rohini,Delhi,7210,15.21,2.38,9,7,11,13,2,207,157,2.9
Tilak Nagar,Delhi,8680,15.91,3.15,7,5,7,4,5,204,132,4.0
Saket,Delhi,14899,16.02,3.06,7,6,5,7,6,71,15,4.4
Okhla,Delhi,8953,12.39,2.85,5,2,6,1,6,67,49,4.7
Mayur Vihar,Delhi,10724,15.12,0.6,7,1,18,13,9,92,100,2.2
Saket,Delhi,15443,17.95,0.19,4,9,2,5,5,299,151,3.0
Okhla,Delhi,6838,6.66,1.09,2,7,14,0,4,221,129,2.3
Karol Bagh,Delhi,14989,19.58,3.68,9,5,13,2,4,78,178,2.9
Janakpuri,Delhi,12054,7.83,1.85,9,2,3,13,9,77,156,4.8
Janakpuri,Delhi,12034,7.35,0.79,5,6,7,10,9,264,188,2.4
Pitampura,Delhi,12574,19.53,1.9,2,7,18,12,5,100,163,2.5
Kamla Nagar,Delhi,11338,0.8,1.93,9,9,10,10,7,171,176,3.4
Mukherjee Nagar,Delhi,8303,10.02,0.28,2,7,5,5,5,134,178,3.3
Tilak Nagar,Delhi,8548,15.06,1.42,4,2,17,12,1,94,166,3.1
GTB Nagar,Delhi,8035,12.73,0.22,7,2,5,4,6,259,182,3.1
Saket,Delhi,16502,12.02,3.22,6,7,12,10,9,124,72,2.6
Kamla Nagar,Delhi,11343,13.94,2.82,8,1,15,12,6,115,65,3.9
Malviya Nagar,Delhi,12846,7.18,0.28,7,4,9,6,1,244,196,4.9
GTB Nagar,Delhi,8764,8.19,2.92,4,9,1,8,5,232,42,2.7
Karol Bagh,Delhi,15839,10.1,2.96,5,1,3,6,5,187,182,2.4
Rohini,Delhi,6829,3.53,3.71,8,4,7,13,3,148,198,4.8
Pitampura,Delhi,13156,7.15,1.12,5,6,8,9,5,222,194,4.7
Okhla,Delhi,8459,6.53,2.73,4,5,12,14,6,103,71,4.2
Mayur Vihar,Delhi,8400,7.1,3.31,5,7,14,0,4,128,59,3.7
Rajouri Garden,Delhi,13094,2.01,3.81,6,4,8,13,4,116,26,4.7
Mayur Vihar,Delhi,11883,16.28,2.76,7,3,13,14,3,197,11,1.1
Dwarka,Delhi,8296,13.07,3.72,3,5,10,2,7,119,169,3.5
Dwarka,Delhi,10924,1.33,3.29,7,8,9,3,5,148,156,2.8
Tilak Nagar,Delhi,10990,17.37,2.22,8,8,7,14,4,88,168,2.5
Karol Bagh,Delhi,12398,7.03,1.2,2,3,18,3,6,127,81,2.5
Laxmi Nagar,Delhi,10312,2.5,3.03,7,8,1,12,3,206,18,3.4
Okhla,Delhi,7467,2.86,2.72,5,9,4,13,9,291,152,1.7
Rohini,Delhi,6920,11.35,1.28,6,7,16,5,6,253,132,4.5
Mayur Vihar,Delhi,9361,1.03,4.03,3,4,14,0,7,147,11,4.0
Mukherjee Nagar,Delhi,9585,0.76,4.0,8,5,11,2,3,181,94,3.8
Pitampura,Delhi,13002,14.65,3.71,2,1,6,4,7,177,186,2.6
Karol Bagh,Delhi,13120,14.85,4.86,9,9,12,6,3,156,166,1.3
Dwarka,Delhi,11696,3.37,2.53,2,2,19,13,1,176,35,2.5
Dwarka,Delhi,10657,14.43,4.69,1,6,16,13,3,285,43,2.4
Mukherjee Nagar,Delhi,10148,5.57,2.33,8,3,11,5,1,242,58,3.9
GTB Nagar,Delhi,7845,19.65,3.17,5,8,1,4,3,121,88,4.9
Tilak Nagar,Delhi,10396,10.46,4.56,7,6,14,2,4,115,195,1.8
GTB Nagar,Delhi,9813,19.16,4.54,8,5,5,12,6,282,191,2.2
Okhla,Delhi,8312,11.04,1.8,1,4,13,11,5,51,87,4.5
Malviya Nagar,Delhi,15748,4.48,2.25,7,4,7,13,9,218,77,3.2
GTB Nagar,Delhi,8270,11.39,2.06,9,8,1,5,2,86,62,4.6
Rohini,Delhi,9382,1.4,1.95,6,9,12,14,3,185,65,3.8
Rohini,Delhi,6096,3.89,0.89,3,1,13,8,2,226,53,1.4
Karol Bagh,Delhi,12981,19.43,3.67,6,3,11,8,2,192,120,1.0
Mayur Vihar,Delhi,11898,0.95,0.55,9,6,9,6,3,211,77,4.7
Okhla,Delhi,8331,10.21,3.39,9,6,13,14,6,154,94,2.0
Rajouri Garden,Delhi,13599,14.24,3.76,1,8,19,5,4,79,47,3.7
Rohini,Delhi,6607,17.78,3.94,8,7,17,10,3,163,77,3.2
Malviya Nagar,Delhi,14150,19.57,4.79,1,4,16,11,2,124,159,3.8
Vasant Kunj,Delhi,16141,8.38,0.49,5,5,6,5,1,268,197,1.3
Mayur Vihar,Delhi,11766,4.87,1.06,2,9,8,13,6,78,184,3.9
Saket,Delhi,13071,18.96,3.38,8,5,16,7,9,124,82,3.7
Ashok Vihar,Delhi,12486,3.38,0.27,8,5,15,0,8,219,119,2.2
Tilak Nagar,Delhi,8479,12.82,4.71,3,4,5,13,3,273,73,2.0
Kamla Nagar,Delhi,9213,10.64,1.67,1,5,18,14,5,120,193,4.5
Laxmi Nagar,Delhi,7220,16.71,4.44,1,1,2,6,4,179,163,2.3
Dwarka,Delhi,9612,8.4,4.25,9,1,16,5,5,51,171,2.8
Janakpuri,Delhi,12656,3.69,0.64,7,7,1,2,1,181,69,2.2
Laxmi Nagar,Delhi,9188,7.51,3.13,9,2,13,11,8,82,66,3.7
GTB Nagar,Delhi,10501,12.94,0.25,9,6,18,7,6,268,172,5.0
Pitampura,Delhi,11222,13.89,4.73,4,1,11,0,7,198,145,4.3
Vasant Kunj,Delhi,15316,14.56,1.53,7,7,19,10,1,286,180,4.5
Rohini,Delhi,9297,5.65,4.53,1,9,18,12,9,181,121,2.8
Mukherjee Nagar,Delhi,9473,9.56,0.2,9,7,8,2,6,238,57,2.7
Mayur Vihar,Delhi,9808,2.71,3.85,6,6,3,12,2,61,62,4.6
Mukherjee Nagar,Delhi,8806,9.78,0.16,3,5,3,11,4,112,165,4.1
Mayur Vihar,Delhi,9802,0.73,3.69,7,6,15,3,4,139,130,3.7
Karol Bagh,Delhi,14360,3.42,4.35,9,1,9,1,5,118,161,2.9
Pitampura,Delhi,10726,16.63,0.72,3,6,7,0,1,251,64,2.3
Mukherjee Nagar,Delhi,9604,7.19,1.83,8,2,6,1,5,77,131,2.3
GTB Nagar,Delhi,9317,4.55,2.95,8,4,18,7,4,195,78,3.8
Ashok Vihar,Delhi,11838,11.08,4.82,8,4,4,11,2,144,93,1.7
Saket,Delhi,16351,18.0,1.21,4,6,10,3,2,235,81,1.0
Rajouri Garden,Delhi,11833,8.02,0.81,9,4,8,12,7,246,132,3.6
Malviya Nagar,Delhi,13296,2.39,3.3,2,6,19,8,2,213,48,4.0
Dwarka,Delhi,9628,15.83,1.09,6,4,1,3,8,100,117,1.1
Mayur Vihar,Delhi,10634,19.35,3.1,6,9,7,4,7,173,53,4.7
Ashok Vihar,Delhi,11611,12.94,4.9,7,1,17,1,5,187,35,4.5
Malviya Nagar,Delhi,12404,10.78,0.73,1,4,13,4,9,126,143,3.8
Tilak Nagar,Delhi,10813,2.86,2.24,7,7,7,4,5,73,153,1.6
Vasant Kunj,Delhi,16444,7.62,1.63,9,3,17,6,1,133,29,2.9
Rajouri Garden,Delhi,13686,5.45,4.23,9,9,14,6,5,62,135,2.0
Pitampura,Delhi,12017,9.83,3.22,3,5,3,3,6,287,124,3.5
Tilak Nagar,Delhi,7800,4.78,1.19,9,7,2,14,6,154,126,1.6
Janakpuri,Delhi,9571,15.53,2.18,5,5,1,0,3,116,98,4.0
Janakpuri,Delhi,9680,17.33,2.63,2,6,2,0,1,145,127,4.3
Rohini,Delhi,6755,1.53,1.41,6,7,19,12,8,246,130,1.5
Rohini,Delhi,9708,4.73,4.44,9,4,19,11,2,218,68,3.0
Tilak Nagar,Delhi,9724,11.47,3.09,1,1,12,1,4,169,85,2.2
Pitampura,Delhi,10336,1.61,3.82,1,3,9,6,7,271,199,1.2
Vasant Kunj,Delhi,16680,1.51,4.01,9,2,16,10,8,208,24,3.4
Okhla,Delhi,9533,15.29,1.5,9,6,12,2,1,175,44,2.5
Mukherjee Nagar,Delhi,6727,18.84,4.16,7,2,7,1,4,83,169,5.0
Karol Bagh,Delhi,13066,11.93,4.86,2,7,2,3,1,183,182,3.0
Pitampura,Delhi,11132,15.41,3.89,2,4,1,14,4,119,103,1.1
Okhla,Delhi,7738,10.44,1.39,4,4,1,11,4,78,13,1.6
Karol Bagh,Delhi,12079,9.94,4.73,4,4,4,8,9,64,177,3.3
Mayur Vihar,Delhi,11515,16.13,0.13,6,1,11,14,9,248,36,1.8
Vasant Kunj,Delhi,16417,12.66,4.61,4,9,6,8,8,115,113,2.0
Rajouri Garden,Delhi,12273,14.22,2.4,3,4,14,13,2,99,96,3.7
Tilak Nagar,Delhi,11489,6.04,2.4,1,8,6,4,3,230,199,1.8
Dwarka,Delhi,11425,4.83,3.59,8,7,8,7,2,182,63,4.0
GTB Nagar,Delhi,9883,16.76,0.79,4,2,19,3,9,256,10,4.6
Mayur Vihar,Delhi,11711,6.37,1.15,9,5,1,13,3,168,71,3.7
Mayur Vihar,Delhi,8403,1.86,0.21,2,7,11,10,6,58,131,4.9
Mayur Vihar,Delhi,10377,3.65,3.75,1,3,1,11,5,130,117,4.6
Vasant Kunj,Delhi,17669,2.24,3.27,8,9,10,4,2,272,117,2.7
Janakpuri,Delhi,11180,1.44,3.17,1,4,16,11,8,213,163,4.5
Mukherjee Nagar,Delhi,10440,17.55,3.46,5,9,15,4,3,57,167,4.4
Mayur Vihar,Delhi,10091,14.16,2.3,9,4,10,9,4,157,91,3.0
Janakpuri,Delhi,11768,19.27,4.98,2,7,2,8,1,288,77,4.0
Rajouri Garden,Delhi,13371,9.38,4.95,5,2,1,5,9,235,36,2.7
Rajouri Garden,Delhi,14507,2.2,2.41,4,4,2,12,6,292,140,4.6
Rohini,Delhi,6249,3.09,4.34,5,6,1,8,5,95,77,3.3
Laxmi Nagar,Delhi,8885,15.69,4.68,4,2,13,0,7,266,168,2.2
Saket,Delhi,16993,2.45,3.68,8,3,18,11,6,149,198,2.0
Kamla Nagar,Delhi,8604,10.48,2.69,9,5,11,10,1,249,164,4.0
Karol Bagh,Delhi,13705,4.0,3.01,8,6,9,12,8,50,144,3.9
Mukherjee Nagar,Delhi,8207,17.09,4.8,2,9,15,3,1,203,25,3.8
Karol Bagh,Delhi,14314,4.76,3.11,2,5,15,2,4,226,131,3.0
Okhla,Delhi,7681,3.71,1.31,2,3,6,1,8,52,82,4.0
GTB Nagar,Delhi,8153,8.6,0.92,4,2,19,10,3,285,13,1.5
GTB Nagar,Delhi,10206,3.04,1.89,1,9,5,9,4,197,198,1.0
Ashok Vihar,Delhi,10368,18.6,0.6,9,1,18,0,5,114,28,4.6
GTB Nagar,Delhi,7754,13.4,3.94,6,5,7,12,3,198,106,1.5
Pitampura,Delhi,11155,8.81,3.56,2,4,16,7,9,177,117,2.7
GTB Nagar,Delhi,11114,5.7,4.33,3,8,11,10,3,92,106,3.3
Rohini,Delhi,7265,2.99,4.12,5,3,11,8,5,298,76,3.2
Tilak Nagar,Delhi,10862,10.4,2.79,7,2,6,14,8,81,33,1.1
Mayur Vihar,Delhi,11367,10.6,2.34,6,6,6,14,3,98,126,3.4
Tilak Nagar,Delhi,8989,11.68,2.15,1,5,18,14,9,277,137,3.7
Dwarka,Delhi,11873,5.41,0.12,7,2,1,8,4,147,156,2.3
Saket,Delhi,16816,13.46,1.17,3,1,2,7,6,283,21,1.2
Pitampura,Delhi,11510,12.29,3.77,3,1,14,0,9,199,162,3.8
Laxmi Nagar,Delhi,8009,1.39,0.57,9,8,19,7,4,294,15,2.0
Saket,Delhi,16103,18.82,4.92,1,2,13,14,8,293,128,3.9
Malviya Nagar,Delhi,12529,9.43,3.91,5,5,14,11,5,109,166,1.9
Tilak Nagar,Delhi,11470,10.39,0.95,4,6,16,8,1,98,36,1.0
GTB Nagar,Delhi,8934,16.51,0.91,8,3,18,10,9,159,104,4.3
Ashok Vihar,Delhi,9878,17.23,3.76,8,4,9,10,5,293,160,2.3
Janakpuri,Delhi,11248,15.14,4.54,1,9,5,1,2,162,151,2.2
Saket,Delhi,15950,6.66,1.65,2,5,8,13,9,214,66,2.3
Rohini,Delhi,9255,15.22,3.03,5,1,2,3,4,81,126,4.2
GTB Nagar,Delhi,7948,6.18,0.99,4,5,3,2,6,111,37,2.5
Tilak Nagar,Delhi,7779,5.52,1.29,8,3,6,2,8,214,133,3.9
Janakpuri,Delhi,10982,5.69,0.23,8,7,5,3,1,71,64,2.8
Laxmi Nagar,Delhi,10522,6.5,1.9,2,4,9,11,7,203,172,1.6
Tilak Nagar,Delhi,10005,5.4,2.86,3,8,10,9,2,79,42,3.7
Vasant Kunj,Delhi,15891,10.54,3.89,1,9,14,12,4,107,34,2.3
Pitampura,Delhi,13384,18.65,1.63,5,6,17,9,9,129,170,4.1
Saket,Delhi,14661,7.98,1.5,7,4,19,2,7,174,159,4.8
Mayur Vihar,Delhi,9929,4.53,1.86,2,7,12,8,9,261,124,4.8
Kamla Nagar,Delhi,12455,9.76,3.52,1,7,4,10,1,83,29,4.4
Mayur Vihar,Delhi,10039,15.18,0.49,1,5,7,2,2,64,82,4.8
Rohini,Delhi,7058,13.05,2.16,1,7,7,7,1,253,39,2.8
Janakpuri,Delhi,12804,19.1,4.83,2,2,12,3,7,72,145,2.4
Pitampura,Delhi,12300,10.26,4.97,7,5,5,10,6,273,125,2.6
Kamla Nagar,Delhi,11024,1.38,1.15,5,6,17,6,1,167,125,4.1
Okhla,Delhi,9061,11.49,1.28,9,9,1,12,1,56,108,4.0
Kamla Nagar,Delhi,9105,13.67,3.82,7,8,9,3,3,132,12,2.2
Tilak Nagar,Delhi,10787,16.46,0.62,8,5,15,0,3,63,12,2.0
Kamla Nagar,Delhi,11899,10.29,3.89,9,7,4,0,9,190,22,1.1
Dwarka,Delhi,9505,18.73,0.72,2,2,8,7,1,150,103,1.7
GTB Nagar,Delhi,8694,1.33,1.97,3,9,17,1,1,222,122,2.2
Laxmi Nagar,Delhi,8244,19.72,0.33,1,9,16,3,1,252,131,2.8
GTB Nagar,Delhi,9590,4.84,1.7,8,5,19,7,5,214,48,3.5
Okhla,Delhi,6896,5.79,1.6,5,7,19,7,7,70,152,3.6
Janakpuri,Delhi,11692,9.52,4.02,9,9,16,10,7,67,37,3.0
Laxmi Nagar,Delhi,7070,8.81,1.08,6,7,13,7,1,81,11,4.1
Mayur Vihar,Delhi,10339,11.25,4.72,3,1,14,4,4,178,91,2.0
Ashok Vihar,Delhi,12025,12.89,0.98,8,2,13,10,2,299,43,2.0
Janakpuri,Delhi,11605,15.25,4.52,4,7,5,10,5,154,27,4.8
GTB Nagar,Delhi,11169,12.69,0.67,7,9,6,3,2,109,33,1.1
Ashok Vihar,Delhi,10647,3.2,2.29,1,1,10,12,3,170,120,2.4
Mukherjee Nagar,Delhi,7944,12.92,2.1,5,5,9,8,6,110,104,4.9
Ashok Vihar,Delhi,9912,4.45,3.4,9,9,11,5,7,92,123,1.8
Rohini,Delhi,9238,19.4,4.18,2,4,6,9,5,201,37,3.8
Karol Bagh,Delhi,12124,0.78,1.66,9,1,12,8,8,270,185,4.1
Mukherjee Nagar,Delhi,7548,2.98,3.66,3,3,17,7,4,98,16,4.1
Kamla Nagar,Delhi,10258,1.62,4.94,3,6,6,12,1,120,26,1.5
Rohini,Delhi,7206,15.5,1.51,4,5,19,8,1,100,161,1.4
Mukherjee Nagar,Delhi,7741,4.54,3.36,5,6,14,12,3,170,122,2.2
Mayur Vihar,Delhi,9401,19.1,2.5,5,7,3,3,6,64,62,1.6
Rohini,Delhi,9946,3.42,2.73,2,6,11,3,2,70,194,2.0
Malviya Nagar,Delhi,14095,16.81,3.61,8,4,13,8,7,289,57,4.3
Tilak Nagar,Delhi,10444,17.5,2.58,8,3,19,1,8,90,92,3.8
Pitampura,Delhi,13133,19.36,2.06,1,8,5,3,9,165,92,2.8
Laxmi Nagar,Delhi,10635,13.76,1.88,1,2,13,6,1,113,40,3.0
Okhla,Delhi,6162,4.57,1.75,4,3,5,13,5,92,25,1.0
GTB Nagar,Delhi,10292,5.8,4.88,4,2,10,14,8,193,162,4.9
Rajouri Garden,Delhi,14235,7.49,1.47,3,7,5,10,2,164,130,1.2
Rohini,Delhi,6488,16.47,0.84,8,1,13,4,1,229,123,3.1
Saket,Delhi,14285,5.92,2.16,6,4,11,8,2,140,13,2.1
Mukherjee Nagar,Delhi,10341,0.75,4.45,5,5,16,5,1,57,63,1.2
Karol Bagh,Delhi,12800,7.37,4.7,2,9,19,6,3,282,199,2.3
Okhla,Delhi,9260,12.94,1.76,5,6,7,11,6,181,186,2.6
GTB Nagar,Delhi,7540,11.41,2.75,8,6,16,13,2,58,76,3.3
Kamla Nagar,Delhi,9538,2.1,3.34,6,1,1,10,1,69,112,4.5
Rajouri Garden,Delhi,14902,6.45,0.54,2,3,3,7,6,243,108,4.3
Vasant Kunj,Delhi,16626,4.58,4.24,4,8,10,6,8,237,117,1.9
Ashok Vihar,Delhi,11761,18.46,3.69,6,9,6,4,2,187,39,4.8
Saket,Delhi,16933,9.49,2.62,7,8,8,8,8,228,149,3.3
Rohini,Delhi,8386,5.68,1.21,5,7,15,2,6,111,163,3.1
Kamla Nagar,Delhi,11045,13.2,2.31,2,2,18,9,4,158,146,4.6
Okhla,Delhi,7488,6.09,3.15,4,5,1,8,6,120,49,1.7
Karol Bagh,Delhi,14366,18.53,0.42,2,2,4,3,1,251,36,2.1
Okhla,Delhi,9829,7.2,1.93,9,6,11,13,1,131,69,3.1
